{"428327412959543296":{"exp":8,"level":4,"moeda_b":754,"prestigio":1,"prestigio_c":1,"moeda_p":1,"ticket_staff":0,"dias":1,"sequencias":0,"daily":0,"dias_pego":1,"receber_anuncios":0},"615291742526242868":{"call":1,"exp":1,"level":10,"moeda_b":101,"receber_anuncios":0,"moeda_p":0,"moeda_o":0,"dias":0,"prestigio":0,"prestigio_c":0,"prestigio_mc":0,"moeda_rf":0,"sequencias":0,"premium":99999,"daily":0},"520573663024644106":{"verificando":2,"exp":0,"level":6,"moeda_b":21,"moeda_p":0,"moeda_o":0,"dias":1,"prestigio":0,"prestigio_c":0,"prestigio_mc":0,"moeda_rf":0,"sequencias":0,"receber_anuncios":0,"receber_patchs":0,"ticket_staff":0,"call":0,"daily":0,"dias_pego":1},"500658624109084682":{"verificando":1},"733287467569905765":{"exp":5,"level":4,"moeda_b":11,"moeda_p":0,"moeda_o":0,"dias":1,"prestigio":0,"prestigio_c":0,"prestigio_mc":0,"moeda_rf":0,"sequencias":0,"daily":0,"dias_pego":1,"receber_anuncios":0,"call":0},"730199798845669436":{"verificando":2,"exp":20,"level":6,"moeda_b":27,"ticket_staff":0,"dias":2,"sequencias":0,"daily":1,"dias_pego":0,"receber_anuncios":0,"moeda_p":0,"moeda_o":0,"prestigio":0,"prestigio_c":0,"prestigio_mc":0,"moeda_rf":0},"767819681037025280":{"verificando":2,"exp":12,"level":4,"moeda_b":10,"dias":1,"sequencias":0,"daily":0,"dias_pego":1,"receber_anuncios":0,"moeda_p":0,"moeda_o":0,"prestigio":0,"prestigio_c":0,"prestigio_mc":0,"moeda_rf":0},"788400978310725642":{"verificando":1,"receber_anuncios":0},"732555808122077224":{"verificando":2,"exp":15,"level":3,"receber_anuncios":0,"moeda_b":8,"dias":1,"sequencias":0,"daily":0,"dias_pego":1,"moeda_p":0,"moeda_o":0,"prestigio":0,"prestigio_c":0,"prestigio_mc":0,"moeda_rf":0,"call":0},"704854468042293400":{"receber_anuncios":0,"daily":0,"dias":0},"759020316004450327":{"verificando":2,"exp":36,"level":7,"moeda_b":36,"dias":2,"sequencias":0,"daily":1,"dias_pego":0,"call":1},"796576686703116318":{"verificando":1,"daily":0,"dias":0},"718613199406104632":{"level":6,"exp":26,"moeda_b":25,"moeda_p":0,"moeda_o":0,"dias":2,"prestigio":0,"prestigio_c":0,"prestigio_mc":0,"moeda_rf":0,"sequencias":0,"daily":1,"dias_pego":0,"call":1},"723679565607600149":{"verificando":1,"daily":0,"dias":0},"732547037593206796":{"verificando":2,"exp":26,"level":6,"dias":1,"sequencias":0,"daily":0,"dias_pego":1,"moeda_b":22,"moeda_p":0,"moeda_o":0,"prestigio":0,"prestigio_c":0,"prestigio_mc":0,"moeda_rf":0},"638825209461342249":{"verificando":2,"daily":0,"dias":0},"839136345128435742":{"verificando":1,"exp":2,"level":1,"daily":0,"dias":0}}